"x","y_pred"
0,-12.7802555021927
0.001001001001001,-12.7905634663453
0.002002002002002,-12.8005290292418
0.003003003003003,-12.8101528378962
0.004004004004004,-12.8194355393225
0.005005005005005,-12.8283777805346
0.00600600600600601,-12.8369802085466
0.00700700700700701,-12.8452434703725
0.00800800800800801,-12.8531682130262
0.00900900900900901,-12.8607550835218
0.01001001001001,-12.8680047288733
0.011011011011011,-12.8749177960946
0.012012012012012,-12.8814949321997
0.013013013013013,-12.8877367842027
0.014014014014014,-12.8936439991176
0.015015015015015,-12.8992172239582
0.016016016016016,-12.9044571057387
0.017017017017017,-12.909364291473
0.018018018018018,-12.9139394281752
0.019019019019019,-12.9181831628591
0.02002002002002,-12.9220961425389
0.021021021021021,-12.9256790142285
0.022022022022022,-12.9289324249419
0.023023023023023,-12.9318570216931
0.024024024024024,-12.934453451496
0.025025025025025,-12.9367223613648
0.026026026026026,-12.9386643983134
0.027027027027027,-12.9402802093558
0.028028028028028,-12.9415704415059
0.029029029029029,-12.9425357417778
0.03003003003003,-12.9431767571855
0.031031031031031,-12.943494134743
0.032032032032032,-12.9434885214642
0.033033033033033,-12.9431605643632
0.034034034034034,-12.9425109104539
0.035035035035035,-12.9415402067504
0.036036036036036,-12.9402491002667
0.037037037037037,-12.9386382380167
0.038038038038038,-12.9367082670144
0.039039039039039,-12.9344598342739
0.04004004004004,-12.9318935868091
0.041041041041041,-12.9290101716341
0.042042042042042,-12.9258102357627
0.043043043043043,-12.9222944262091
0.044044044044044,-12.9184633899872
0.045045045045045,-12.914317774111
0.046046046046046,-12.9098582255946
0.047047047047047,-12.9050853914518
0.048048048048048,-12.8999999186967
0.049049049049049,-12.8946024543434
0.05005005005005,-12.8888936454057
0.0510510510510511,-12.8828741388977
0.0520520520520521,-12.8765445818334
0.0530530530530531,-12.8699056212268
0.0540540540540541,-12.8629579040919
0.0550550550550551,-12.8557020774426
0.0560560560560561,-12.8481387882931
0.0570570570570571,-12.8402686836571
0.0580580580580581,-12.8320924105489
0.0590590590590591,-12.8236106159823
0.0600600600600601,-12.8148239469713
0.0610610610610611,-12.80573305053
0.0620620620620621,-12.7963385736724
0.0630630630630631,-12.7866411634124
0.0640640640640641,-12.776641466764
0.0650650650650651,-12.7663401307413
0.0660660660660661,-12.7557378023581
0.0670670670670671,-12.7448351286287
0.0680680680680681,-12.7336327565668
0.0690690690690691,-12.7221313331866
0.0700700700700701,-12.7103315055019
0.0710710710710711,-12.6982339205269
0.0720720720720721,-12.6858392252755
0.0730730730730731,-12.6731480667617
0.0740740740740741,-12.6601610919995
0.0750750750750751,-12.6468789480029
0.0760760760760761,-12.6333022817858
0.0770770770770771,-12.6194317403624
0.0780780780780781,-12.6052679707465
0.0790790790790791,-12.5908116199522
0.0800800800800801,-12.5760633349935
0.0810810810810811,-12.5610237628844
0.0820820820820821,-12.5456935506388
0.0830830830830831,-12.5300733452708
0.0840840840840841,-12.5141637937944
0.0850850850850851,-12.4979655432235
0.0860860860860861,-12.4814792405721
0.0870870870870871,-12.4647055328543
0.0880880880880881,-12.4476450670841
0.0890890890890891,-12.4302984902753
0.0900900900900901,-12.4126664494421
0.0910910910910911,-12.3947495915985
0.0920920920920921,-12.3765485637583
0.0930930930930931,-12.3580640129357
0.0940940940940941,-12.3392965861446
0.0950950950950951,-12.3202469303991
0.0960960960960961,-12.300915692713
0.0970970970970971,-12.2813035201004
0.0980980980980981,-12.2614110595754
0.0990990990990991,-12.2412389581518
0.1001001001001,-12.2207878628437
0.101101101101101,-12.2000584206652
0.102102102102102,-12.1790512786301
0.103103103103103,-12.1577670837525
0.104104104104104,-12.1362064830463
0.105105105105105,-12.1143701235257
0.106106106106106,-12.0922586522045
0.107107107107107,-12.0698727160968
0.108108108108108,-12.0472129622165
0.109109109109109,-12.0242800375777
0.11011011011011,-12.0010745891944
0.111111111111111,-11.9775972640805
0.112112112112112,-11.95384870925
0.113113113113113,-11.929829571717
0.114114114114114,-11.9055404984954
0.115115115115115,-11.8809821365993
0.116116116116116,-11.8561551330426
0.117117117117117,-11.8310601348393
0.118118118118118,-11.8056977890034
0.119119119119119,-11.780068742549
0.12012012012012,-11.75417364249
0.121121121121121,-11.7280131358403
0.122122122122122,-11.7015878696141
0.123123123123123,-11.6748984908253
0.124124124124124,-11.6479456464879
0.125125125125125,-11.6207299836159
0.126126126126126,-11.5932521492233
0.127127127127127,-11.565512790324
0.128128128128128,-11.5375125539322
0.129129129129129,-11.5092520870617
0.13013013013013,-11.4807320367266
0.131131131131131,-11.4519530499408
0.132132132132132,-11.4229157737185
0.133133133133133,-11.3936208550734
0.134134134134134,-11.3640689410198
0.135135135135135,-11.3342606785715
0.136136136136136,-11.3041967147425
0.137137137137137,-11.2738776965469
0.138138138138138,-11.2433042709987
0.139139139139139,-11.2124770851118
0.14014014014014,-11.1813967859002
0.141141141141141,-11.1500640203779
0.142142142142142,-11.118479435559
0.143143143143143,-11.0866436799386
0.144144144144144,-11.0545575310646
0.145145145145145,-11.0222219938546
0.146146146146146,-10.9896380963703
0.147147147147147,-10.9568068666734
0.148148148148148,-10.9237293328259
0.149149149149149,-10.8904065228895
0.15015015015015,-10.8568394649259
0.151151151151151,-10.823029186997
0.152152152152152,-10.7889767171646
0.153153153153153,-10.7546830834905
0.154154154154154,-10.7201493140364
0.155155155155155,-10.6853764368642
0.156156156156156,-10.6503654800357
0.157157157157157,-10.6151174716125
0.158158158158158,-10.5796334396567
0.159159159159159,-10.5439144122299
0.16016016016016,-10.5079614173939
0.161161161161161,-10.4717754832105
0.162162162162162,-10.4353576377416
0.163163163163163,-10.3987089090489
0.164164164164164,-10.3618303251941
0.165165165165165,-10.3247229142392
0.166166166166166,-10.2873877042459
0.167167167167167,-10.249825723276
0.168168168168168,-10.2120379993913
0.169169169169169,-10.1740255606536
0.17017017017017,-10.1357894351247
0.171171171171171,-10.0973306508663
0.172172172172172,-10.0586502359403
0.173173173173173,-10.0197492184085
0.174174174174174,-9.98062862633258
0.175175175175175,-9.94128948777446
0.176176176176176,-9.9017328307959
0.177177177177177,-9.86195968345866
0.178178178178178,-9.82197107382458
0.179179179179179,-9.78176802995542
0.18018018018018,-9.74135157991299
0.181181181181181,-9.70072275175909
0.182182182182182,-9.6598825735555
0.183183183183183,-9.61883207336403
0.184184184184184,-9.57757227924646
0.185185185185185,-9.53610421926459
0.186186186186186,-9.49442892148022
0.187187187187187,-9.45254741395515
0.188188188188188,-9.41046072475115
0.189189189189189,-9.36816988193004
0.19019019019019,-9.32567591355361
0.191191191191191,-9.28297984768364
0.192192192192192,-9.24008271238194
0.193193193193193,-9.1969855357103
0.194194194194194,-9.15368934573051
0.195195195195195,-9.11019517050437
0.196196196196196,-9.06650403809368
0.197197197197197,-9.02261697656022
0.198198198198198,-8.9785350139658
0.199199199199199,-8.9342591783722
0.2002002002002,-8.88979049784123
0.201201201201201,-8.84513000043467
0.202202202202202,-8.80027871421433
0.203203203203203,-8.755237667242
0.204204204204204,-8.71000788757946
0.205205205205205,-8.66459040328852
0.206206206206206,-8.61898624243098
0.207207207207207,-8.57319643306862
0.208208208208208,-8.52722200326324
0.209209209209209,-8.48106398107663
0.21021021021021,-8.4347233945706
0.211211211211211,-8.38820127180693
0.212212212212212,-8.34149864084742
0.213213213213213,-8.29461652975386
0.214214214214214,-8.24755596658806
0.215215215215215,-8.20031797941179
0.216216216216216,-8.15290359628687
0.217217217217217,-8.10531384527508
0.218218218218218,-8.05754975443821
0.219219219219219,-8.00961235183807
0.22022022022022,-7.96150266553645
0.221221221221221,-7.91322172359514
0.222222222222222,-7.86477055407593
0.223223223223223,-7.81615018504063
0.224224224224224,-7.76736164455102
0.225225225225225,-7.71840596066891
0.226226226226226,-7.66928416145608
0.227227227227227,-7.61999727497433
0.228228228228228,-7.57054632928545
0.229229229229229,-7.52093235245125
0.23023023023023,-7.47115637253351
0.231231231231231,-7.42121941759403
0.232232232232232,-7.3711225156946
0.233233233233233,-7.32086669489703
0.234234234234234,-7.2704529832631
0.235235235235235,-7.2198824088546
0.236236236236236,-7.16915599973334
0.237237237237237,-7.11827478396111
0.238238238238238,-7.06723978959969
0.239239239239239,-7.0160520447109
0.24024024024024,-6.96471257735652
0.241241241241241,-6.91322241559834
0.242242242242242,-6.86158258749817
0.243243243243243,-6.80979412111779
0.244244244244244,-6.75785804451901
0.245245245245245,-6.70577538576361
0.246246246246246,-6.65354717291339
0.247247247247247,-6.60117443403014
0.248248248248248,-6.54865819717566
0.249249249249249,-6.49599949041176
0.25025025025025,-6.4431993418002
0.251251251251251,-6.39025877940281
0.252252252252252,-6.33717883128136
0.253253253253253,-6.28396052549766
0.254254254254254,-6.23060489011349
0.255255255255255,-6.17711295319066
0.256256256256256,-6.12348574279096
0.257257257257257,-6.06972428697617
0.258258258258258,-6.0158296138081
0.259259259259259,-5.96180275134855
0.26026026026026,-5.90764472765931
0.261261261261261,-5.85335657080217
0.262262262262262,-5.79893930883892
0.263263263263263,-5.74439396983136
0.264264264264264,-5.68972158184129
0.265265265265265,-5.63492317293049
0.266266266266266,-5.57999977116078
0.267267267267267,-5.52495240459393
0.268268268268268,-5.46978210129175
0.269269269269269,-5.41448988931603
0.27027027027027,-5.35907679672856
0.271271271271271,-5.30354385159114
0.272272272272272,-5.24789208196556
0.273273273273273,-5.19212251591362
0.274274274274274,-5.13623618149712
0.275275275275275,-5.08023410677784
0.276276276276276,-5.02411731981759
0.277277277277277,-4.96788684867815
0.278278278278278,-4.91154372142132
0.279279279279279,-4.85508896610891
0.28028028028028,-4.79852361080269
0.281281281281281,-4.74184868356447
0.282282282282282,-4.68506521245604
0.283283283283283,-4.62817422553919
0.284284284284284,-4.57117675087573
0.285285285285285,-4.51407381652744
0.286286286286286,-4.45686642866712
0.287287287287287,-4.39955522580085
0.288288288288288,-4.3421405413568
0.289289289289289,-4.28462269952872
0.29029029029029,-4.22700202451039
0.291291291291291,-4.16927884049557
0.292292292292292,-4.11145347167801
0.293293293293293,-4.05352624225147
0.294294294294294,-3.99549747640973
0.295295295295295,-3.93736749834654
0.296296296296296,-3.87913663225566
0.297297297297297,-3.82080520233085
0.298298298298298,-3.76237353276587
0.299299299299299,-3.70384194775449
0.3003003003003,-3.64521077149046
0.301301301301301,-3.58648032816756
0.302302302302302,-3.52765094197953
0.303303303303303,-3.46872293712014
0.304304304304304,-3.40969663778315
0.305305305305305,-3.35057236816233
0.306306306306306,-3.29135045245143
0.307307307307307,-3.23203121484421
0.308308308308308,-3.17261497953444
0.309309309309309,-3.11310207071587
0.31031031031031,-3.05349281258228
0.311311311311311,-2.99378752932741
0.312312312312312,-2.93398654514503
0.313313313313313,-2.87409018422892
0.314314314314314,-2.8140987707728
0.315315315315315,-2.75401262897048
0.316316316316316,-2.69383208301569
0.317317317317317,-2.63355745710218
0.318318318318318,-2.57318907542374
0.319319319319319,-2.51272726217412
0.32032032032032,-2.45217234154708
0.321321321321321,-2.39152463773639
0.322322322322322,-2.33078447493579
0.323323323323323,-2.26995217733907
0.324324324324324,-2.20902806913997
0.325325325325325,-2.14801247453226
0.326326326326326,-2.0869057177097
0.327327327327327,-2.02570812286604
0.328328328328328,-1.96442001419506
0.329329329329329,-1.90304171589051
0.33033033033033,-1.84157355214615
0.331331331331331,-1.78001584715576
0.332332332332332,-1.71836892511307
0.333333333333333,-1.65663311021186
0.334334334334334,-1.5948087266459
0.335335335335335,-1.53289609860893
0.336336336336336,-1.47089555029473
0.337337337337337,-1.40880740589704
0.338338338338338,-1.34663198960965
0.339339339339339,-1.28436962562629
0.34034034034034,-1.22202063814075
0.341341341341341,-1.15958535134677
0.342342342342342,-1.09706408943811
0.343343343343343,-1.03445717660856
0.344344344344344,-0.971764937051848
0.345345345345345,-0.908987694961752
0.346346346346346,-0.846125774532034
0.347347347347347,-0.783179499956449
0.348348348348348,-0.720149195428761
0.349349349349349,-0.657035185142727
0.35035035035035,-0.593837793292116
0.351351351351351,-0.530557344070681
0.352352352352352,-0.467194161672193
0.353353353353353,-0.403748570290412
0.354354354354354,-0.340220894119083
0.355355355355355,-0.276611457351993
0.356356356356356,-0.212920584182879
0.357357357357357,-0.14914859880552
0.358358358358358,-0.0852958254136659
0.359359359359359,-0.0213625882010787
0.36036036036036,0.0426507886384697
0.361361361361361,0.106743980911229
0.362362362362362,0.17091666442343
0.363363363363363,0.235168514981317
0.364364364364364,0.299499208391131
0.365365365365365,0.363908420459101
0.366366366366366,0.428395826991474
0.367367367367367,0.49296110379449
0.368368368368368,0.557603926674382
0.369369369369369,0.622323971437388
0.37037037037037,0.687120913889746
0.371371371371371,0.751994429837706
0.372372372372372,0.816944195087496
0.373373373373373,0.88196988544536
0.374374374374374,0.947071176717534
0.375375375375375,1.01224774471026
0.376376376376376,1.07749926522977
0.377377377377377,1.14282541408231
0.378378378378378,1.20822586707411
0.379379379379379,1.27370030001141
0.38038038038038,1.33924838870046
0.381381381381381,1.4048698089475
0.382382382382382,1.47056423655875
0.383383383383383,1.53633134734046
0.384384384384384,1.60217081709887
0.385385385385385,1.66808232164021
0.386386386386386,1.73406553677073
0.387387387387387,1.80012013829667
0.388388388388388,1.86624580202426
0.389389389389389,1.93244220375974
0.39039039039039,1.99870901930935
0.391391391391391,2.06504592447933
0.392392392392392,2.13145259507592
0.393393393393393,2.19792870690536
0.394394394394394,2.26447393577387
0.395395395395395,2.33108795748771
0.396396396396396,2.39777044785312
0.397397397397397,2.46452108267633
0.398398398398398,2.53133953776358
0.399399399399399,2.59822548892111
0.4004004004004,2.66517861195515
0.401401401401401,2.73219858267195
0.402402402402402,2.79928507687775
0.403403403403403,2.86643777037879
0.404404404404404,2.93365633898128
0.405405405405405,3.0009404584915
0.406406406406406,3.06828980471566
0.407407407407407,3.13570405346002
0.408408408408408,3.2031828805308
0.409409409409409,3.27072596173425
0.41041041041041,3.3383329728766
0.411411411411411,3.4060035897641
0.412412412412412,3.47373748820298
0.413413413413413,3.54153434399948
0.414414414414414,3.60939383295984
0.415415415415415,3.6773156308903
0.416416416416416,3.74529941359709
0.417417417417417,3.81334485688647
0.418418418418418,3.88145163656466
0.419419419419419,3.9496194284379
0.42042042042042,4.01784790831244
0.421421421421421,4.0861367519945
0.422422422422422,4.15448563529034
0.423423423423423,4.22289423400619
0.424424424424424,4.29136222394828
0.425425425425425,4.35988928092286
0.426426426426426,4.42847508073616
0.427427427427427,4.49711929919443
0.428428428428428,4.5658216121039
0.429429429429429,4.63458171720078
0.43043043043043,4.7033994475577
0.431431431431431,4.77227468782331
0.432432432432432,4.84120732274781
0.433433433433433,4.91019723708138
0.434434434434434,4.97924431557422
0.435435435435435,5.04834844297653
0.436436436436436,5.11750950403849
0.437437437437437,5.18672738351032
0.438438438438438,5.25600196614218
0.439439439439439,5.32533313668429
0.44044044044044,5.39472077988683
0.441441441441441,5.46416478049999
0.442442442442442,5.53366502327398
0.443443443443443,5.60322139295898
0.444444444444444,5.67283377430518
0.445445445445445,5.74250205206279
0.446446446446446,5.81222611098199
0.447447447447447,5.88200583581298
0.448448448448448,5.95184111130595
0.449449449449449,6.0217318222111
0.45045045045045,6.09167785327862
0.451451451451451,6.16167908925869
0.452452452452452,6.23173541490152
0.453453453453453,6.30184671495729
0.454454454454454,6.37201287417621
0.455455455455455,6.44223377730847
0.456456456456456,6.51250930910425
0.457457457457457,6.58283935431376
0.458458458458458,6.65322379768718
0.459459459459459,6.72366252397472
0.46046046046046,6.79415541792654
0.461461461461461,6.86470236429288
0.462462462462462,6.9353032478239
0.463463463463463,7.0059579532698
0.464464464464464,7.07666636538079
0.465465465465465,7.14742836890703
0.466466466466466,7.21824384859875
0.467467467467467,7.28911268920613
0.468468468468468,7.36003477547935
0.469469469469469,7.43100999216861
0.47047047047047,7.50203822402411
0.471471471471471,7.57311935579605
0.472472472472472,7.64425327223461
0.473473473473473,7.71543985808999
0.474474474474474,7.78667899811238
0.475475475475475,7.85797057705198
0.476476476476476,7.92931447965896
0.477477477477477,8.00071059068356
0.478478478478478,8.07215879487593
0.479479479479479,8.14365897698628
0.48048048048048,8.21521102176481
0.481481481481481,8.2868148139617
0.482482482482482,8.35847023832714
0.483483483483483,8.43017717961134
0.484484484484485,8.50193552256449
0.485485485485485,8.57374515193678
0.486486486486486,8.6456059524784
0.487487487487487,8.71751780893956
0.488488488488488,8.78948060607042
0.48948948948949,8.8614942286212
0.49049049049049,8.93355856134209
0.491491491491491,9.00567348898328
0.492492492492492,9.07783889629497
0.493493493493493,9.15005466802734
0.494494494494495,9.2223206889306
0.495495495495495,9.29463684375493
0.496496496496497,9.36700301725053
0.497497497497497,9.43941909416759
0.498498498498498,9.5118849592563
0.4994994994995,9.58440049726687
0.500500500500501,9.65696559294948
0.501501501501502,9.72958013105433
0.502502502502503,9.80224399633159
0.503503503503503,9.87495707353148
0.504504504504504,9.94771924740419
0.505505505505506,10.0205304026999
0.506506506506507,10.0933904241688
0.507507507507508,10.1662991965612
0.508508508508508,10.2392566046271
0.509509509509509,10.3122625331168
0.510510510510511,10.3853168667804
0.511511511511512,10.4584194903683
0.512512512512513,10.5315702886305
0.513513513513513,10.6047691463172
0.514514514514514,10.6780159481788
0.515515515515516,10.7513105789652
0.516516516516517,10.8246529234268
0.517517517517518,10.8980428663137
0.518518518518518,10.9714802923762
0.519519519519519,11.0449650863644
0.520520520520521,11.1184971330285
0.521521521521522,11.1920763171186
0.522522522522523,11.2657025233851
0.523523523523523,11.3393756365781
0.524524524524524,11.4130955414478
0.525525525525526,11.4868621227443
0.526526526526527,11.560675265218
0.527527527527528,11.6345348536188
0.528528528528528,11.7084407726972
0.529529529529529,11.7823929072032
0.530530530530531,11.856391141887
0.531531531531532,11.9304353614989
0.532532532532533,12.004525450789
0.533533533533533,12.0786612945076
0.534534534534534,12.1528427774047
0.535535535535536,12.2270697842307
0.536536536536537,12.3013421997357
0.537537537537538,12.3756599086699
0.538538538538539,12.4500227957835
0.539539539539539,12.5244307458267
0.540540540540541,12.5988836435496
0.541541541541542,12.6733813737026
0.542542542542543,12.7479238210357
0.543543543543544,12.8225108702991
0.544544544544544,12.8971424062431
0.545545545545546,12.9718183136179
0.546546546546547,13.0465384771736
0.547547547547548,13.1213027816605
0.548548548548549,13.1961111118286
0.54954954954955,13.2709633524283
0.550550550550551,13.3458593882098
0.551551551551552,13.4207991039231
0.552552552552553,13.4957823843185
0.553553553553554,13.5708091141462
0.554554554554555,13.6458791781564
0.555555555555556,13.7209924610993
0.556556556556557,13.7961488477251
0.557557557557558,13.871348222784
0.558558558558559,13.9465904710261
0.55955955955956,14.0218754772017
0.560560560560561,14.0972031260609
0.561561561561562,14.1725733023539
0.562562562562563,14.2479858908311
0.563563563563564,14.3234407762424
0.564564564564565,14.3989378433382
0.565565565565566,14.4744769768685
0.566566566566567,14.5500580615837
0.567567567567568,14.6256809822339
0.568568568568569,14.7013456235693
0.56956956956957,14.7770518703401
0.570570570570571,14.8527996072965
0.571571571571572,14.9285887192241
0.572572572572573,15.0044191088938
0.573573573573574,15.0802907262707
0.574574574574575,15.156203528967
0.575575575575576,15.2321574745951
0.576576576576577,15.3081525207671
0.577577577577578,15.3841886250955
0.578578578578579,15.4602657451925
0.57957957957958,15.5363838386704
0.580580580580581,15.6125428631416
0.581581581581582,15.6887427762182
0.582582582582583,15.7649835355126
0.583583583583584,15.8412650986371
0.584584584584585,15.917587423204
0.585585585585586,15.9939504668256
0.586586586586587,16.0703541871142
0.587587587587588,16.146798541682
0.588588588588589,16.2232834881414
0.58958958958959,16.2998089841047
0.590590590590591,16.3763749871841
0.591591591591592,16.452981454992
0.592592592592593,16.5296283451406
0.593593593593594,16.6063156152423
0.594594594594595,16.6830432229093
0.595595595595596,16.7598111257539
0.596596596596597,16.8366192813885
0.597597597597598,16.9134676474253
0.598598598598599,16.9903561814766
0.5995995995996,17.0672848411547
0.600600600600601,17.1442535840719
0.601601601601602,17.2212623678406
0.602602602602603,17.2983111500729
0.603603603603604,17.3753998883812
0.604604604604605,17.4525285403778
0.605605605605606,17.529697063675
0.606606606606607,17.6069054158851
0.607607607607608,17.6841535546204
0.608608608608609,17.7614414374931
0.60960960960961,17.8387690221156
0.610610610610611,17.9161362661002
0.611611611611612,17.9935431270591
0.612612612612613,18.0709895626046
0.613613613613614,18.1484755303491
0.614614614614615,18.2260009879049
0.615615615615616,18.3035658928842
0.616616616616617,18.3811702028993
0.617617617617618,18.4588138755625
0.618618618618619,18.5364968684862
0.61961961961962,18.6142191392826
0.620620620620621,18.691980645564
0.621621621621622,18.7697813449427
0.622622622622623,18.847621195031
0.623623623623624,18.9255001534412
0.624624624624625,19.0034181777856
0.625625625625626,19.0813752256765
0.626626626626627,19.1593712547261
0.627627627627628,19.2374062225469
0.628628628628629,19.315480086751
0.62962962962963,19.3935928049508
0.630630630630631,19.4717443347585
0.631631631631632,19.5499346337865
0.632632632632633,19.6281636596471
0.633633633633634,19.7064313699525
0.634634634634635,19.7847377223151
0.635635635635636,19.8630826743471
0.636636636636637,19.9414661836608
0.637637637637638,20.0198882078686
0.638638638638639,20.0983487045827
0.63963963963964,20.1768476314154
0.640640640640641,20.255384945979
0.641641641641642,20.3339606058858
0.642642642642643,20.4125745687481
0.643643643643644,20.4912267921783
0.644644644644645,20.5699172337885
0.645645645645646,20.6486458511911
0.646646646646647,20.7274126019984
0.647647647647648,20.8062174438227
0.648648648648649,20.8850603342763
0.64964964964965,20.9639412309715
0.650650650650651,21.0428600915205
0.651651651651652,21.1218168735356
0.652652652652653,21.2008115346292
0.653653653653654,21.2798440324136
0.654654654654655,21.3589143245011
0.655655655655656,21.4380223685038
0.656656656656657,21.5171681220342
0.657657657657658,21.5963515427046
0.658658658658659,21.6755725881271
0.65965965965966,21.7548312159142
0.660660660660661,21.8341273836781
0.661661661661662,21.9134610490311
0.662662662662663,21.9928321695856
0.663663663663664,22.0722407029537
0.664664664664665,22.1516866067478
0.665665665665666,22.2311698385803
0.666666666666667,22.3106903560633
0.667667667667668,22.3902481168092
0.668668668668669,22.4698430784302
0.66966966966967,22.5494751985388
0.670670670670671,22.6291444347471
0.671671671671672,22.7088507446675
0.672672672672673,22.7885940859122
0.673673673673674,22.8683744160937
0.674674674674675,22.948191692824
0.675675675675676,23.0280458737156
0.676676676676677,23.1079369163807
0.677677677677678,23.1878647784317
0.678678678678679,23.2678294174808
0.67967967967968,23.3478307911403
0.680680680680681,23.4278688570226
0.681681681681682,23.5079435727399
0.682682682682683,23.5880548959045
0.683683683683684,23.6682027841286
0.684684684684685,23.7483871950247
0.685685685685686,23.828608086205
0.686686686686687,23.9088654152818
0.687687687687688,23.9891591398674
0.688688688688689,24.069489217574
0.68968968968969,24.149855606014
0.690690690690691,24.2302582627997
0.691691691691692,24.3106971455434
0.692692692692693,24.3911722118573
0.693693693693694,24.4716834193538
0.694694694694695,24.5522307256451
0.695695695695696,24.6328140883436
0.696696696696697,24.7134334650616
0.697697697697698,24.7940888134112
0.698698698698699,24.8747800910049
0.6996996996997,24.955507255455
0.700700700700701,25.0362702643736
0.701701701701702,25.1170690753732
0.702702702702703,25.197903646066
0.703703703703704,25.2787739340643
0.704704704704705,25.3596798969804
0.705705705705706,25.4406214924266
0.706706706706707,25.5215986780152
0.707707707707708,25.6026114113585
0.708708708708709,25.6836596500688
0.70970970970971,25.7647433517583
0.710710710710711,25.8458624740395
0.711711711711712,25.9270169745245
0.712712712712713,26.0082068108257
0.713713713713714,26.0894319405553
0.714714714714715,26.1706923217046
0.715715715715716,26.2519879247813
0.716716716716717,26.3333187353782
0.717717717717718,26.4146847399857
0.718718718718719,26.4960859250945
0.71971971971972,26.5775222771952
0.720720720720721,26.6589937827783
0.721721721721722,26.7405004283345
0.722722722722723,26.8220422003544
0.723723723723724,26.9036190853285
0.724724724724725,26.9852310697475
0.725725725725726,27.066878140102
0.726726726726727,27.1485602828826
0.727727727727728,27.2302774845798
0.728728728728729,27.3120297316843
0.72972972972973,27.3938170106867
0.730730730730731,27.4756393080775
0.731731731731732,27.5574966103474
0.732732732732733,27.639388903987
0.733733733733734,27.7213161754869
0.734734734734735,27.8032784113376
0.735735735735736,27.8852755980298
0.736736736736737,27.9673077220541
0.737737737737738,28.049374769901
0.738738738738739,28.1314767280612
0.73973973973974,28.2136135830253
0.740740740740741,28.2957853212839
0.741741741741742,28.3779919293275
0.742742742742743,28.4602333936469
0.743743743743744,28.5425097007324
0.744744744744745,28.6248208370749
0.745745745745746,28.7071667891649
0.746746746746747,28.7895475434929
0.747747747747748,28.8719630865496
0.748748748748749,28.9544134048256
0.74974974974975,29.0368984848114
0.750750750750751,29.1194183129977
0.751751751751752,29.2019728758752
0.752752752752753,29.2845621599342
0.753753753753754,29.3671861516656
0.754754754754755,29.4498448375598
0.755755755755756,29.5325382041076
0.756756756756757,29.6152662377994
0.757757757757758,29.6980289251258
0.758758758758759,29.7808262525776
0.75975975975976,29.8636582066452
0.760760760760761,29.9465247738193
0.761761761761762,30.0294259405905
0.762762762762763,30.1123616934494
0.763763763763764,30.1953320188865
0.764764764764765,30.2783369033926
0.765765765765766,30.3613763334581
0.766766766766767,30.4444502955737
0.767767767767768,30.5275587762299
0.768768768768769,30.6107017619175
0.76976976976977,30.6938792391269
0.770770770770771,30.7770911943488
0.771771771771772,30.8603376140739
0.772772772772773,30.9436184847925
0.773773773773774,31.0269337929955
0.774774774774775,31.1102835251734
0.775775775775776,31.1936676678167
0.776776776776777,31.2770862074161
0.777777777777778,31.3605391304622
0.778778778778779,31.4440264234456
0.77977977977978,31.5275480728568
0.780780780780781,31.6111040651866
0.781781781781782,31.6946943869254
0.782782782782783,31.778319024564
0.783783783783784,31.8619779645928
0.784784784784785,31.9456711935025
0.785785785785786,32.0293986977836
0.786786786786787,32.1131604639269
0.787787787787788,32.1969564784229
0.788788788788789,32.2807867277621
0.78978978978979,32.3646511984352
0.790790790790791,32.4485498769328
0.791791791791792,32.5324827497455
0.792792792792793,32.6164498033639
0.793793793793794,32.7004510242786
0.794794794794795,32.7844863989802
0.795795795795796,32.8685559139592
0.796796796796797,32.9526595557063
0.797797797797798,33.0367973107122
0.798798798798799,33.1209691654673
0.7997997997998,33.2051751064623
0.800800800800801,33.2894151201878
0.801801801801802,33.3736891931344
0.802802802802803,33.4579973117926
0.803803803803804,33.5423394626532
0.804804804804805,33.6267156322067
0.805805805805806,33.7111258069436
0.806806806806807,33.7955699733547
0.807807807807808,33.8800481179304
0.808808808808809,33.9645602271614
0.80980980980981,34.0491062875383
0.810810810810811,34.1336862855517
0.811811811811812,34.2183002076922
0.812812812812813,34.3029480404504
0.813813813813814,34.3876297703169
0.814814814814815,34.4723453837822
0.815815815815816,34.5570948673371
0.816816816816817,34.6418782074721
0.817817817817818,34.7266953906777
0.818818818818819,34.8115464034447
0.81981981981982,34.8964312322635
0.820820820820821,34.9813498636249
0.821821821821822,35.0663022840193
0.822822822822823,35.1512884799374
0.823823823823824,35.2363084378699
0.824824824824825,35.3213621443072
0.825825825825826,35.40644958574
0.826826826826827,35.4915707486589
0.827827827827828,35.5767256195545
0.828828828828829,35.6619141849174
0.82982982982983,35.7471364312382
0.830830830830831,35.8323923450075
0.831831831831832,35.9176819127159
0.832832832832833,36.003005120854
0.833833833833834,36.0883619559124
0.834834834834835,36.1737524043817
0.835835835835836,36.2591764527525
0.836836836836837,36.3446340875154
0.837837837837838,36.4301252951609
0.838838838838839,36.5156500621798
0.83983983983984,36.6012083750626
0.840840840840841,36.6868002202999
0.841841841841842,36.7724255843823
0.842842842842843,36.8580844538004
0.843843843843844,36.9437768150448
0.844844844844845,37.029502654606
0.845845845845846,37.1152619589748
0.846846846846847,37.2010547146417
0.847847847847848,37.2868809080973
0.848848848848849,37.3727405258322
0.84984984984985,37.458633554337
0.850850850850851,37.5445599801023
0.851851851851852,37.6305197896187
0.852852852852853,37.7165129693768
0.853853853853854,37.8025395058672
0.854854854854855,37.8885993855805
0.855855855855856,37.9746925950073
0.856856856856857,38.0608191206382
0.857857857857858,38.1469789496717
0.858858858858859,38.2331720762596
0.85985985985986,38.319398498501
0.860860860860861,38.4056582145398
0.861861861861862,38.4919512225202
0.862862862862863,38.5782775205863
0.863863863863864,38.6646371068822
0.864864864864865,38.7510299795521
0.865865865865866,38.83745613674
0.866866866866867,38.92391557659
0.867867867867868,39.0104082972464
0.868868868868869,39.0969342968531
0.86986986986987,39.1834935735544
0.870870870870871,39.2700861254942
0.871871871871872,39.3567119508168
0.872872872872873,39.4433710476662
0.873873873873874,39.5300634141867
0.874874874874875,39.6167890485222
0.875875875875876,39.7035479488169
0.876876876876877,39.7903401132149
0.877877877877878,39.8771655398603
0.878878878878879,39.9640242268973
0.87987987987988,40.0509161724699
0.880880880880881,40.1378413747223
0.881881881881882,40.2247998317986
0.882882882882883,40.3117915418429
0.883883883883884,40.3988165029993
0.884884884884885,40.485874713412
0.885885885885886,40.5729661712249
0.886886886886887,40.6600908745824
0.887887887887888,40.7472488216284
0.888888888888889,40.8344400105071
0.88988988988989,40.9216644393627
0.890890890890891,41.0089221063391
0.891891891891892,41.0962130095806
0.892892892892893,41.1835371472312
0.893893893893894,41.2708945174351
0.894894894894895,41.3582851183364
0.895895895895896,41.4457089480792
0.896896896896897,41.5331660048075
0.897897897897898,41.6206562866656
0.898898898898899,41.7081797917976
0.8998998998999,41.7957365183475
0.900900900900901,41.8833264644594
0.901901901901902,41.9709496282776
0.902902902902903,42.058606007946
0.903903903903904,42.1462956016089
0.904904904904905,42.2340184074103
0.905905905905906,42.3217744234944
0.906906906906907,42.4095636480052
0.907907907907908,42.4973860790868
0.908908908908909,42.5852417148835
0.90990990990991,42.6731305535393
0.910910910910911,42.7610525931982
0.911911911911912,42.8490078320046
0.912912912912913,42.9369962681023
0.913913913913914,43.0250178996357
0.914914914914915,43.1130727247487
0.915915915915916,43.2011607415855
0.916916916916917,43.2892819482902
0.917917917917918,43.377436343007
0.918918918918919,43.4656239238798
0.91991991991992,43.553844689053
0.920920920920921,43.6420986366705
0.921921921921922,43.7303857648764
0.922922922922923,43.818706071815
0.923923923923924,43.9070595556303
0.924924924924925,43.9954462144664
0.925925925925926,44.0838660464675
0.926926926926927,44.1723190497776
0.927927927927928,44.2608052225409
0.928928928928929,44.3493245629015
0.92992992992993,44.4378770690035
0.930930930930931,44.526462738991
0.931931931931932,44.6150815710081
0.932932932932933,44.703733563199
0.933933933933934,44.7924187137078
0.934934934934935,44.8811370206785
0.935935935935936,44.9698884822553
0.936936936936937,45.0586730965823
0.937937937937938,45.1474908618036
0.938938938938939,45.2363417760634
0.93993993993994,45.3252258375058
0.940940940940941,45.4141430442748
0.941941941941942,45.5030933945145
0.942942942942943,45.5920768863692
0.943943943943944,45.6810935179829
0.944944944944945,45.7701432874997
0.945945945945946,45.8592261930638
0.946946946946947,45.9483422328192
0.947947947947948,46.0374914049101
0.948948948948949,46.1266737074805
0.94994994994995,46.2158891386747
0.950950950950951,46.3051376966367
0.951951951951952,46.3944193795106
0.952952952952953,46.4837341854405
0.953953953953954,46.5730821125707
0.954954954954955,46.6624631590451
0.955955955955956,46.7518773230079
0.956956956956957,46.8413246026032
0.957957957957958,46.9308049959751
0.958958958958959,47.0203185012677
0.95995995995996,47.1098651166252
0.960960960960961,47.1994448401917
0.961961961961962,47.2890576701112
0.962962962962963,47.378703604528
0.963963963963964,47.468382641586
0.964964964964965,47.5580947794295
0.965965965965966,47.6478400162025
0.966966966966967,47.7376183500491
0.967967967967968,47.8274297791136
0.968968968968969,47.9172743015399
0.96996996996997,48.0071519154722
0.970970970970971,48.0970626190547
0.971971971971972,48.1870064104313
0.972972972972973,48.2769832877463
0.973973973973974,48.3669932491438
0.974974974974975,48.4570362927678
0.975975975975976,48.5471124167626
0.976976976976977,48.6372216192721
0.977977977977978,48.7273638984405
0.978978978978979,48.817539252412
0.97997997997998,48.9077476793307
0.980980980980981,48.9979891773406
0.981981981981982,49.0882637445858
0.982982982982983,49.1785713792106
0.983983983983984,49.268912079359
0.984984984984985,49.3592858431751
0.985985985985986,49.449692668803
0.986986986986987,49.5401325543869
0.987987987987988,49.6306054980709
0.988988988988989,49.721111497999
0.98998998998999,49.8116505523154
0.990990990990991,49.9022226591643
0.991991991991992,49.9928278166896
0.992992992992993,50.0834660230357
0.993993993993994,50.1741372763465
0.994994994994995,50.2648415747661
0.995995995995996,50.3555789164388
0.996996996996997,50.4463492995085
0.997997997997998,50.5371527221195
0.998998998998999,50.6279891824157
1,50.7188586785415
